[
        {
            "picture":"https://tse2.mm.bing.net/th?id=OIP.BxqhJz8Rxsmwwbm8rw-D7gHaGC&pid=Api&P=0&w=222&h=181",
        "message":"induction",
        "date":"13.08.2021",
        "days":"14d",
        "icon":"http://www.clker.com/cliparts/P/u/5/K/W/c/alert-icon-red-hi.png"

    },
    {
        "picture":"https://tse3.mm.bing.net/th?id=OIP.0EBu6vZyxeNBmCzAPLi5tgHaHa&pid=Api&P=0&w=153&h=153",
        "message":"Alert",
        "date":"27.08.2021",
        "days":"7d",
        "icon":"http://www.clker.com/cliparts/P/u/5/K/W/c/alert-icon-red-hi.png"
    },
    {       
        "picture":"https://tse3.mm.bing.net/th?id=OIP.0EBu6vZyxeNBmCzAPLi5tgHaHa&pid=Api&P=0&w=153&h=153",
        "message":"Reminder",
        "date":"13.09.2021",
        "days":"14d",
        "icon":"http://www.clker.com/cliparts/P/u/5/K/W/c/alert-icon-red-hi.png"

    },
    {
        "picture":"https://tse3.mm.bing.net/th?id=OIP.0EBu6vZyxeNBmCzAPLi5tgHaHa&pid=Api&P=0&w=153&h=153",
        "message":"Warning",
        "date":"17.09.2021",
        "days":"7d",
        "icon":"http://www.clker.com/cliparts/P/u/5/K/W/c/alert-icon-red-hi.png"
    },
    {
        "picture":"https://tse3.mm.bing.net/th?id=OIP.0EBu6vZyxeNBmCzAPLi5tgHaHa&pid=Api&P=0&w=153&h=153",
        "message":"Alert",
        "date":"24.09.2021",
        "days":"7d",
        "icon":"http://www.clker.com/cliparts/P/u/5/K/W/c/alert-icon-red-hi.png"

    },
    {
        "picture":"https://tse3.mm.bing.net/th?id=OIP.0EBu6vZyxeNBmCzAPLi5tgHaHa&pid=Api&P=0&w=153&h=153",
        "message":"Warning",
        "date":"01.10.2021",
        "days":"11d",
        "icon":"http://www.clker.com/cliparts/P/u/5/K/W/c/alert-icon-red-hi.png"
    },
    
    {
        "picture":"https://tse3.mm.bing.net/th?id=OIP.0EBu6vZyxeNBmCzAPLi5tgHaHa&pid=Api&P=0&w=153&h=153",
        "message":"Hardblock note",
        "date":"12.10.2021",
        "days":"",
        "icon":"https://tse4.explicit.bing.net/th?id=OIP.4YvJ3lvGfLo5JUnbWvCvBwHaEV&pid=Api&P=0&w=276&h=162"
    }
]
